D:\Users\Puja Kumari\Downloads\simulator-windows-64\IMG\center_2019_02_12_09_21_15_038.jpg, D:\Users\Puja Kumari\Downloads\simulator-windows-64\IMG\left_2019_02_12_09_21_15_038.jpg, D:\Users\Puja Kumari\Downloads\simulator-windows-64\IMG\right_2019_02_12_09_21_15_038.jpg, 0, 0, 0, 7.768746E-05
D:\Users\Puja Kumari\Downloads\simulator-windows-64\IMG\center_2019_02_12_09_21_15_157.jpg, D:\Users\Puja Kumari\Downloads\simulator-windows-64\IMG\left_2019_02_12_09_21_15_157.jpg, D:\Users\Puja Kumari\Downloads\simulator-windows-64\IMG\right_2019_02_12_09_21_15_157.jpg, 0, 0, 0, 8.02565E-05
D:\Users\Puja Kumari\Downloads\simulator-windows-64\IMG\center_2019_02_12_09_21_15_279.jpg, D:\Users\Puja Kumari\Downloads\simulator-windows-64\IMG\left_2019_02_12_09_21_15_279.jpg, D:\Users\Puja Kumari\Downloads\simulator-windows-64\IMG\right_2019_02_12_09_21_15_279.jpg, 0, 0, 0, 7.857107E-05
D:\Users\Puja Kumari\Downloads\simulator-windows-64\IMG\center_2019_02_12_09_21_15_399.jpg, D:\Users\Puja Kumari\Downloads\simulator-windows-64\IMG\left_2019_02_12_09_21_15_399.jpg, D:\Users\Puja Kumari\Downloads\simulator-windows-64\IMG\right_2019_02_12_09_21_15_399.jpg, 0, 0, 0, 7.882965E-05
D:\Users\Puja Kumari\Downloads\simulator-windows-64\IMG\center_2019_02_12_09_21_15_515.jpg, D:\Users\Puja Kumari\Downloads\simulator-windows-64\IMG\left_2019_02_12_09_21_15_515.jpg, D:\Users\Puja Kumari\Downloads\simulator-windows-64\IMG\right_2019_02_12_09_21_15_515.jpg, 0, 0, 0, 7.926886E-05
D:\Users\Puja Kumari\Downloads\simulator-windows-64\IMG\center_2019_02_12_09_21_15_640.jpg, D:\Users\Puja Kumari\Downloads\simulator-windows-64\IMG\left_2019_02_12_09_21_15_640.jpg, D:\Users\Puja Kumari\Downloads\simulator-windows-64\IMG\right_2019_02_12_09_21_15_640.jpg, 0, 0, 0, 7.901956E-05
D:\Users\Puja Kumari\Downloads\simulator-windows-64\IMG\center_2019_02_12_09_21_15_757.jpg, D:\Users\Puja Kumari\Downloads\simulator-windows-64\IMG\left_2019_02_12_09_21_15_757.jpg, D:\Users\Puja Kumari\Downloads\simulator-windows-64\IMG\right_2019_02_12_09_21_15_757.jpg, 0, 0, 0, 7.794366E-05
D:\Users\Puja Kumari\Downloads\simulator-windows-64\IMG\center_2019_02_12_09_21_15_883.jpg, D:\Users\Puja Kumari\Downloads\simulator-windows-64\IMG\left_2019_02_12_09_21_15_883.jpg, D:\Users\Puja Kumari\Downloads\simulator-windows-64\IMG\right_2019_02_12_09_21_15_883.jpg, 0, 0, 0, 7.936129E-05
D:\Users\Puja Kumari\Downloads\simulator-windows-64\IMG\center_2019_02_12_09_21_16_002.jpg, D:\Users\Puja Kumari\Downloads\simulator-windows-64\IMG\left_2019_02_12_09_21_16_002.jpg, D:\Users\Puja Kumari\Downloads\simulator-windows-64\IMG\right_2019_02_12_09_21_16_002.jpg, 0, 0, 0, 7.964245E-05
D:\Users\Puja Kumari\Downloads\simulator-windows-64\IMG\center_2019_02_12_09_21_16_111.jpg, D:\Users\Puja Kumari\Downloads\simulator-windows-64\IMG\left_2019_02_12_09_21_16_111.jpg, D:\Users\Puja Kumari\Downloads\simulator-windows-64\IMG\right_2019_02_12_09_21_16_111.jpg, 0, 0, 0, 7.792821E-05
D:\Users\Puja Kumari\Downloads\simulator-windows-64\IMG\center_2019_02_12_09_21_16_235.jpg, D:\Users\Puja Kumari\Downloads\simulator-windows-64\IMG\left_2019_02_12_09_21_16_235.jpg, D:\Users\Puja Kumari\Downloads\simulator-windows-64\IMG\right_2019_02_12_09_21_16_235.jpg, 0, 0, 0, 7.897664E-05
D:\Users\Puja Kumari\Downloads\simulator-windows-64\IMG\center_2019_02_12_09_21_16_355.jpg, D:\Users\Puja Kumari\Downloads\simulator-windows-64\IMG\left_2019_02_12_09_21_16_355.jpg, D:\Users\Puja Kumari\Downloads\simulator-windows-64\IMG\right_2019_02_12_09_21_16_355.jpg, 0, 0, 0, 7.883093E-05
D:\Users\Puja Kumari\Downloads\simulator-windows-64\IMG\center_2019_02_12_09_21_16_471.jpg, D:\Users\Puja Kumari\Downloads\simulator-windows-64\IMG\left_2019_02_12_09_21_16_471.jpg, D:\Users\Puja Kumari\Downloads\simulator-windows-64\IMG\right_2019_02_12_09_21_16_471.jpg, 0, 0, 0, 7.826834E-05
D:\Users\Puja Kumari\Downloads\simulator-windows-64\IMG\center_2019_02_12_09_21_16_580.jpg, D:\Users\Puja Kumari\Downloads\simulator-windows-64\IMG\left_2019_02_12_09_21_16_580.jpg, D:\Users\Puja Kumari\Downloads\simulator-windows-64\IMG\right_2019_02_12_09_21_16_580.jpg, 0, 0, 0, 7.791042E-05
D:\Users\Puja Kumari\Downloads\simulator-windows-64\IMG\center_2019_02_12_09_21_16_703.jpg, D:\Users\Puja Kumari\Downloads\simulator-windows-64\IMG\left_2019_02_12_09_21_16_703.jpg, D:\Users\Puja Kumari\Downloads\simulator-windows-64\IMG\right_2019_02_12_09_21_16_703.jpg, 0, 0, 0, 7.844836E-05
D:\Users\Puja Kumari\Downloads\simulator-windows-64\IMG\center_2019_02_12_09_21_16_819.jpg, D:\Users\Puja Kumari\Downloads\simulator-windows-64\IMG\left_2019_02_12_09_21_16_819.jpg, D:\Users\Puja Kumari\Downloads\simulator-windows-64\IMG\right_2019_02_12_09_21_16_819.jpg, 0, 0, 0, 7.796664E-05
D:\Users\Puja Kumari\Downloads\simulator-windows-64\IMG\center_2019_02_12_09_21_16_937.jpg, D:\Users\Puja Kumari\Downloads\simulator-windows-64\IMG\left_2019_02_12_09_21_16_937.jpg, D:\Users\Puja Kumari\Downloads\simulator-windows-64\IMG\right_2019_02_12_09_21_16_937.jpg, 0, 0, 0, 7.890945E-05
D:\Users\Puja Kumari\Downloads\simulator-windows-64\IMG\center_2019_02_12_09_21_17_047.jpg, D:\Users\Puja Kumari\Downloads\simulator-windows-64\IMG\left_2019_02_12_09_21_17_047.jpg, D:\Users\Puja Kumari\Downloads\simulator-windows-64\IMG\right_2019_02_12_09_21_17_047.jpg, 0, 0, 0, 7.792574E-05
D:\Users\Puja Kumari\Downloads\simulator-windows-64\IMG\center_2019_02_12_09_21_17_170.jpg, D:\Users\Puja Kumari\Downloads\simulator-windows-64\IMG\left_2019_02_12_09_21_17_170.jpg, D:\Users\Puja Kumari\Downloads\simulator-windows-64\IMG\right_2019_02_12_09_21_17_170.jpg, 0, 0, 0, 8.559821E-05
D:\Users\Puja Kumari\Downloads\simulator-windows-64\IMG\center_2019_02_12_09_21_17_286.jpg, D:\Users\Puja Kumari\Downloads\simulator-windows-64\IMG\left_2019_02_12_09_21_17_286.jpg, D:\Users\Puja Kumari\Downloads\simulator-windows-64\IMG\right_2019_02_12_09_21_17_286.jpg, 0, 0, 0, 7.760375E-05
D:\Users\Puja Kumari\Downloads\simulator-windows-64\IMG\center_2019_02_12_09_21_17_402.jpg, D:\Users\Puja Kumari\Downloads\simulator-windows-64\IMG\left_2019_02_12_09_21_17_402.jpg, D:\Users\Puja Kumari\Downloads\simulator-windows-64\IMG\right_2019_02_12_09_21_17_402.jpg, 0, 0, 0, 7.880381E-05
D:\Users\Puja Kumari\Downloads\simulator-windows-64\IMG\center_2019_02_12_09_21_17_522.jpg, D:\Users\Puja Kumari\Downloads\simulator-windows-64\IMG\left_2019_02_12_09_21_17_522.jpg, D:\Users\Puja Kumari\Downloads\simulator-windows-64\IMG\right_2019_02_12_09_21_17_522.jpg, 0, 0, 0, 7.900881E-05
D:\Users\Puja Kumari\Downloads\simulator-windows-64\IMG\center_2019_02_12_09_21_17_638.jpg, D:\Users\Puja Kumari\Downloads\simulator-windows-64\IMG\left_2019_02_12_09_21_17_638.jpg, D:\Users\Puja Kumari\Downloads\simulator-windows-64\IMG\right_2019_02_12_09_21_17_638.jpg, 0, 0, 0, 7.790809E-05
D:\Users\Puja Kumari\Downloads\simulator-windows-64\IMG\center_2019_02_12_09_21_17_753.jpg, D:\Users\Puja Kumari\Downloads\simulator-windows-64\IMG\left_2019_02_12_09_21_17_753.jpg, D:\Users\Puja Kumari\Downloads\simulator-windows-64\IMG\right_2019_02_12_09_21_17_753.jpg, 0, 0, 0, 7.880522E-05
D:\Users\Puja Kumari\Downloads\simulator-windows-64\IMG\center_2019_02_12_09_21_17_871.jpg, D:\Users\Puja Kumari\Downloads\simulator-windows-64\IMG\left_2019_02_12_09_21_17_871.jpg, D:\Users\Puja Kumari\Downloads\simulator-windows-64\IMG\right_2019_02_12_09_21_17_871.jpg, 0, 0, 0, 7.77238E-05
D:\Users\Puja Kumari\Downloads\simulator-windows-64\IMG\center_2019_02_12_09_21_17_991.jpg, D:\Users\Puja Kumari\Downloads\simulator-windows-64\IMG\left_2019_02_12_09_21_17_991.jpg, D:\Users\Puja Kumari\Downloads\simulator-windows-64\IMG\right_2019_02_12_09_21_17_991.jpg, 0, 0, 0, 7.7886E-05
D:\Users\Puja Kumari\Downloads\simulator-windows-64\IMG\center_2019_02_12_09_21_18_109.jpg, D:\Users\Puja Kumari\Downloads\simulator-windows-64\IMG\left_2019_02_12_09_21_18_109.jpg, D:\Users\Puja Kumari\Downloads\simulator-windows-64\IMG\right_2019_02_12_09_21_18_109.jpg, 0, 0, 0, 7.78309E-05
D:\Users\Puja Kumari\Downloads\simulator-windows-64\IMG\center_2019_02_12_09_21_18_224.jpg, D:\Users\Puja Kumari\Downloads\simulator-windows-64\IMG\left_2019_02_12_09_21_18_224.jpg, D:\Users\Puja Kumari\Downloads\simulator-windows-64\IMG\right_2019_02_12_09_21_18_224.jpg, 0, 0, 0, 7.802904E-05
D:\Users\Puja Kumari\Downloads\simulator-windows-64\IMG\center_2019_02_12_09_21_18_343.jpg, D:\Users\Puja Kumari\Downloads\simulator-windows-64\IMG\left_2019_02_12_09_21_18_343.jpg, D:\Users\Puja Kumari\Downloads\simulator-windows-64\IMG\right_2019_02_12_09_21_18_343.jpg, 0, 0, 0, 7.768773E-05
D:\Users\Puja Kumari\Downloads\simulator-windows-64\IMG\center_2019_02_12_09_21_18_462.jpg, D:\Users\Puja Kumari\Downloads\simulator-windows-64\IMG\left_2019_02_12_09_21_18_462.jpg, D:\Users\Puja Kumari\Downloads\simulator-windows-64\IMG\right_2019_02_12_09_21_18_462.jpg, 0, 0, 0, 7.850402E-05
D:\Users\Puja Kumari\Downloads\simulator-windows-64\IMG\center_2019_02_12_09_21_18_585.jpg, D:\Users\Puja Kumari\Downloads\simulator-windows-64\IMG\left_2019_02_12_09_21_18_585.jpg, D:\Users\Puja Kumari\Downloads\simulator-windows-64\IMG\right_2019_02_12_09_21_18_585.jpg, 0, 0, 0, 7.791815E-05
D:\Users\Puja Kumari\Downloads\simulator-windows-64\IMG\center_2019_02_12_09_21_18_704.jpg, D:\Users\Puja Kumari\Downloads\simulator-windows-64\IMG\left_2019_02_12_09_21_18_704.jpg, D:\Users\Puja Kumari\Downloads\simulator-windows-64\IMG\right_2019_02_12_09_21_18_704.jpg, 0, 0, 0, 7.773872E-05
D:\Users\Puja Kumari\Downloads\simulator-windows-64\IMG\center_2019_02_12_09_21_18_820.jpg, D:\Users\Puja Kumari\Downloads\simulator-windows-64\IMG\left_2019_02_12_09_21_18_820.jpg, D:\Users\Puja Kumari\Downloads\simulator-windows-64\IMG\right_2019_02_12_09_21_18_820.jpg, 0, 0, 0, 7.805742E-05
D:\Users\Puja Kumari\Downloads\simulator-windows-64\IMG\center_2019_02_12_09_21_18_945.jpg, D:\Users\Puja Kumari\Downloads\simulator-windows-64\IMG\left_2019_02_12_09_21_18_945.jpg, D:\Users\Puja Kumari\Downloads\simulator-windows-64\IMG\right_2019_02_12_09_21_18_945.jpg, 0, 0, 0, 7.87053E-05
